{"resourceType":"CodeSystem","id":"ICD11","meta":{"profile":["http://hl7.org/fhir/uv/crmi/StructureDefinition/crmi-shareablecodesystem","http://hl7.org/fhir/uv/crmi/StructureDefinition/crmi-publishablecodesystem"]},"text":{"status":"generated","div":"<div xmlns=\"http://www.w3.org/1999/xhtml\"><p class=\"res-header-id\"><b>Generated Narrative: CodeSystem ICD11</b></p><a name=\"ICD11\"> </a><a name=\"hcICD11\"> </a><a name=\"ICD11-en-US\"> </a><p><b>Properties</b></p><p><b>This code system defines the following properties for its concepts</b></p><table class=\"grid\"><tr><td><b>Name</b></td><td><b>Code</b></td><td><b>URI</b></td><td><b>Type</b></td></tr><tr><td>Parent</td><td>parent</td><td>http://hl7.org/fhir/concept-properties#parent</td><td>code</td></tr></table><p><b>Concepts</b></p><p>This case-sensitive code system <code>http://id.who.int/icd/release/11/mms</code> defines the following codes in a Is-A hierarchy:</p><table class=\"codes\"><tr><td style=\"white-space:nowrap\"><b>Code</b></td><td><b>Display</b></td><td><b>Definition</b></td></tr><tr><td style=\"white-space:nowrap\">1A07<a name=\"ICD11-1A07\"> </a></td><td>Typhoid</td><td>Typhoid</td></tr><tr><td style=\"white-space:nowrap\">1E32<a name=\"ICD11-1E32\"> </a></td><td>Influenza</td><td>Influenza</td></tr><tr><td style=\"white-space:nowrap\">1F03<a name=\"ICD11-1F03\"> </a></td><td>Measles</td><td>Measles</td></tr><tr><td style=\"white-space:nowrap\">1C12<a name=\"ICD11-1C12\"> </a></td><td>Pertussis</td><td>Pertussis</td></tr><tr><td style=\"white-space:nowrap\">1D80<a name=\"ICD11-1D80\"> </a></td><td>Mumps</td><td>Mumps</td></tr><tr><td style=\"white-space:nowrap\">1E90<a name=\"ICD11-1E90\"> </a></td><td>Varicella</td><td>Varicella</td></tr><tr><td style=\"white-space:nowrap\">1E50.0<a name=\"ICD11-1E50.460\"> </a></td><td>Viral hepatitis A</td><td>Viral hepatitis A</td></tr><tr><td style=\"white-space:nowrap\">1B1Z<a name=\"ICD11-1B1Z\"> </a></td><td>Tuberculosis</td><td>Tuberculosis</td></tr><tr><td style=\"white-space:nowrap\">1E50.1<a name=\"ICD11-1E50.461\"> </a></td><td>Viral hepatitis B</td><td>Viral hepatitis B</td></tr><tr><td style=\"white-space:nowrap\">XN0FG<a name=\"ICD11-XN0FG\"> </a></td><td>Haemophilus influenzae type b</td><td>Haemophilus influenzae type b</td></tr><tr><td style=\"white-space:nowrap\">1C13<a name=\"ICD11-1C13\"> </a></td><td>Tetanus</td><td>Tetanus</td></tr><tr><td style=\"white-space:nowrap\">XN6N7<a name=\"ICD11-XN6N7\"> </a></td><td>Rotavirus</td><td>Rotavirus</td></tr><tr><td style=\"white-space:nowrap\">XN8JY<a name=\"ICD11-XN8JY\"> </a></td><td>Human papillomavirus</td><td>Human papillomavirus</td></tr><tr><td style=\"white-space:nowrap\">1C85<a name=\"ICD11-1C85\"> </a></td><td>Japanese encephalitis</td><td>Japanese encephalitis</td></tr><tr><td style=\"white-space:nowrap\">1C81<a name=\"ICD11-1C81\"> </a></td><td>Poliomyelitis</td><td>Poliomyelitis</td></tr><tr><td style=\"white-space:nowrap\">1C17<a name=\"ICD11-1C17\"> </a></td><td>Diphtheria</td><td>Diphtheria</td></tr><tr><td style=\"white-space:nowrap\">CA40.07<a name=\"ICD11-CA40.4607\"> </a></td><td>Pneumococcal disease</td><td>Pneumococcal disease</td></tr><tr><td style=\"white-space:nowrap\">1F02<a name=\"ICD11-1F02\"> </a></td><td>Rubella</td><td>Rubella</td></tr><tr><td style=\"white-space:nowrap\">1D2Z<a name=\"ICD11-1D2Z\"> </a></td><td>Dengue</td><td>Dengue</td></tr><tr><td style=\"white-space:nowrap\">1C82<a name=\"ICD11-1C82\"> </a></td><td>Rabies</td><td>Rabies</td></tr><tr><td style=\"white-space:nowrap\">1C1C<a name=\"ICD11-1C1C\"> </a></td><td>Meningococcal</td><td>Meningococcal</td></tr><tr><td style=\"white-space:nowrap\">1A00<a name=\"ICD11-1A00\"> </a></td><td>Cholera</td><td>Cholera</td></tr><tr><td style=\"white-space:nowrap\">1C80<a name=\"ICD11-1C80\"> </a></td><td>Tick-borne encephalitis</td><td>Tick-borne encephalitis</td></tr><tr><td style=\"white-space:nowrap\">1D47<a name=\"ICD11-1D47\"> </a></td><td>Yellow fever</td><td>Yellow fever</td></tr><tr><td style=\"white-space:nowrap\">RA01<a name=\"ICD11-RA01\"> </a></td><td>COVID-19</td><td>COVID-19</td></tr><tr><td style=\"white-space:nowrap\">XM4639<a name=\"ICD11-XM4639\"> </a></td><td>Tuberculosis vaccines</td><td>Tuberculosis vaccines</td></tr><tr><td style=\"white-space:nowrap\">XM8142<a name=\"ICD11-XM8142\"> </a></td><td>Tuberculosis, live attenuated vaccines</td><td>Tuberculosis, live attenuated vaccines</td></tr><tr><td style=\"white-space:nowrap\">XM29K4<a name=\"ICD11-XM29K4\"> </a></td><td>Cholera vaccines</td><td>Cholera vaccines</td></tr><tr><td style=\"white-space:nowrap\">XM3Z26<a name=\"ICD11-XM3Z26\"> </a></td><td>Cholera, inactivated, whole cell vaccines</td><td>Cholera, inactivated, whole cell vaccines</td></tr><tr><td style=\"white-space:nowrap\">XM72A0<a name=\"ICD11-XM72A0\"> </a></td><td>Cholera, live attenuated vaccines</td><td>Cholera, live attenuated vaccines</td></tr><tr><td style=\"white-space:nowrap\">XM1FT6<a name=\"ICD11-XM1FT6\"> </a></td><td>Cholera, combinations with typhoid vaccine, inactivated, whole cell vaccines</td><td>Cholera, combinations with typhoid vaccine, inactivated, whole cell vaccines</td></tr><tr><td style=\"white-space:nowrap\">XM8AW3<a name=\"ICD11-XM8AW3\"> </a></td><td>Diphtheria vaccines</td><td>Diphtheria vaccines</td></tr><tr><td style=\"white-space:nowrap\">XM9744<a name=\"ICD11-XM9744\"> </a></td><td>Diphtheria, rubella, tetanus vaccines</td><td>Diphtheria, rubella, tetanus vaccines</td></tr><tr><td style=\"white-space:nowrap\">XM31Q8<a name=\"ICD11-XM31Q8\"> </a></td><td>Tetanus, diphtheria, acellular pertussis</td><td>Tetanus, diphtheria, acellular pertussis</td></tr><tr><td style=\"white-space:nowrap\">XM8AW1<a name=\"ICD11-XM8AW1\"> </a></td><td>Diphtheria, poliomyelitis, tetanus vaccines</td><td>Diphtheria, poliomyelitis, tetanus vaccines</td></tr><tr><td style=\"white-space:nowrap\">XM09Q7<a name=\"ICD11-XM09Q7\"> </a></td><td>Diphtheria, pertussis, poliomyelitis, tetanus vaccines</td><td>Diphtheria, pertussis, poliomyelitis, tetanus vaccines</td></tr><tr><td style=\"white-space:nowrap\">XM41N3<a name=\"ICD11-XM41N3\"> </a></td><td>Diphtheria, hepatitis B, pertussis, tetanus vaccines</td><td>Diphtheria, hepatitis B, pertussis, tetanus vaccines</td></tr><tr><td style=\"white-space:nowrap\">XM1LX9<a name=\"ICD11-XM1LX9\"> </a></td><td>Diphtheria, hemophilus influenzae B, pertussis, poliomyelitis, tetanus vaccines</td><td>Diphtheria, hemophilus influenzae B, pertussis, poliomyelitis, tetanus vaccines</td></tr><tr><td style=\"white-space:nowrap\">XM3G68<a name=\"ICD11-XM3G68\"> </a></td><td>Diphtheria, hepatitis B, tetanus vaccines</td><td>Diphtheria, hepatitis B, tetanus vaccines</td></tr><tr><td style=\"white-space:nowrap\">XM0LT9<a name=\"ICD11-XM0LT9\"> </a></td><td>Diphtheria, pertussis, poliomyelitis, tetanus, hepatitis B vaccines</td><td>Diphtheria, pertussis, poliomyelitis, tetanus, hepatitis B vaccines</td></tr><tr><td style=\"white-space:nowrap\">XM7JP3<a name=\"ICD11-XM7JP3\"> </a></td><td>Diphtheria, hemophilus influenzae B, pertussis, tetanus, hepatitis B vaccines</td><td>Diphtheria, hemophilus influenzae B, pertussis, tetanus, hepatitis B vaccines</td></tr><tr><td style=\"white-space:nowrap\">XM5XP9<a name=\"ICD11-XM5XP9\"> </a></td><td>Diphtheria, hemophilus influenzae B, pertussis, tetanus-hepatitis B, meningococcus A + C vaccines</td><td>Diphtheria, hemophilus influenzae B, pertussis, tetanus-hepatitis B, meningococcus A + C vaccines</td></tr><tr><td style=\"white-space:nowrap\">XM1G86<a name=\"ICD11-XM1G86\"> </a></td><td>Tetanus toxoid, combinations with diphtheria toxoid vaccines</td><td>Tetanus toxoid, combinations with diphtheria toxoid vaccines</td></tr><tr><td style=\"white-space:nowrap\">XM32Q5<a name=\"ICD11-XM32Q5\"> </a></td><td>Tetanus and diphtheria vaccines</td><td>Tetanus and diphtheria vaccines</td></tr><tr><td style=\"white-space:nowrap\">XM2CV8<a name=\"ICD11-XM2CV8\"> </a></td><td>Vaccines pertussis with diphtheria</td><td>Vaccines pertussis with diphtheria</td></tr><tr><td style=\"white-space:nowrap\">XM21E6<a name=\"ICD11-XM21E6\"> </a></td><td>Diphtheria tetanus, acellular pertussis, inactivated polio virus, haemophilus Influenzae type B vaccines</td><td>Diphtheria tetanus, acellular pertussis, inactivated polio virus, haemophilus Influenzae type B vaccines</td></tr><tr><td style=\"white-space:nowrap\">XM84S1<a name=\"ICD11-XM84S1\"> </a></td><td>Diphtheria, hepatitis B, tetanus, acellular pertussis, inactivated polio virus, haemophilus Influenzae type B vaccines</td><td>Diphtheria, hepatitis B, tetanus, acellular pertussis, inactivated polio virus, haemophilus Influenzae type B vaccines</td></tr><tr><td style=\"white-space:nowrap\">XM9JP8<a name=\"ICD11-XM9JP8\"> </a></td><td>Diphtheria, tetanus, acellular pertussis, inactivated polio virus vaccines</td><td>Diphtheria, tetanus, acellular pertussis, inactivated polio virus vaccines</td></tr><tr><td style=\"white-space:nowrap\">XM46V1<a name=\"ICD11-XM46V1\"> </a></td><td>Diphtheria vaccines combination including pertussis</td><td>Diphtheria vaccines combination including pertussis</td></tr><tr><td style=\"white-space:nowrap\">XM4039<a name=\"ICD11-XM4039\"> </a></td><td>Vaccines diphtheria with tetanus</td><td>Vaccines diphtheria with tetanus</td></tr><tr><td style=\"white-space:nowrap\">XM11V3<a name=\"ICD11-XM11V3\"> </a></td><td>Haemophilus influenzae B vaccines</td><td>Haemophilus influenzae B vaccines</td></tr><tr><td style=\"white-space:nowrap\">XM01H1<a name=\"ICD11-XM01H1\"> </a></td><td>Hemophilus influenzae B and poliomyelitis vaccines</td><td>Hemophilus influenzae B and poliomyelitis vaccines</td></tr><tr><td style=\"white-space:nowrap\">XM32L7<a name=\"ICD11-XM32L7\"> </a></td><td>Hemophilus influenzae B and hepatitis B vaccines</td><td>Hemophilus influenzae B and hepatitis B vaccines</td></tr><tr><td style=\"white-space:nowrap\">XM6LL6<a name=\"ICD11-XM6LL6\"> </a></td><td>Hepatitis vaccines</td><td>Hepatitis vaccines</td></tr><tr><td style=\"white-space:nowrap\">XM2A12<a name=\"ICD11-XM2A12\"> </a></td><td>Hepatitis A, inactivated, whole virus</td><td>Hepatitis A, inactivated, whole virus</td></tr><tr><td style=\"white-space:nowrap\">XM3JA6<a name=\"ICD11-XM3JA6\"> </a></td><td>Typhoid, hepatitis A vaccines</td><td>Typhoid, hepatitis A vaccines</td></tr><tr><td style=\"white-space:nowrap\">XM03Y7<a name=\"ICD11-XM03Y7\"> </a></td><td>Combinations hepatitis vaccines</td><td>Combinations hepatitis vaccines</td></tr><tr><td style=\"white-space:nowrap\">XM9V38<a name=\"ICD11-XM9V38\"> </a></td><td>Hepatitis B, purified antigen</td><td>Hepatitis B, purified antigen</td></tr><tr><td style=\"white-space:nowrap\">XM9QP0<a name=\"ICD11-XM9QP0\"> </a></td><td>Papillomavirus vaccine</td><td>Papillomavirus vaccine</td></tr><tr><td style=\"white-space:nowrap\">XM1821<a name=\"ICD11-XM1821\"> </a></td><td>Papillomavirus (human types 6,11,16,18)</td><td>Papillomavirus (human types 6,11,16,18)</td></tr><tr><td style=\"white-space:nowrap\">XM9BT4<a name=\"ICD11-XM9BT4\"> </a></td><td>Papillomavirus (human types 16,18)</td><td>Papillomavirus (human types 16,18)</td></tr><tr><td style=\"white-space:nowrap\">XM5CE9<a name=\"ICD11-XM5CE9\"> </a></td><td>Papillomavirus (human types 6,11,16,18,31,33,45,52,58)</td><td>Papillomavirus (human types 6,11,16,18,31,33,45,52,58)</td></tr><tr><td style=\"white-space:nowrap\">XM0LB5<a name=\"ICD11-XM0LB5\"> </a></td><td>Encephalitis, Japanese, inactivated, whole virus</td><td>Encephalitis, Japanese, inactivated, whole virus</td></tr><tr><td style=\"white-space:nowrap\">XM47S0<a name=\"ICD11-XM47S0\"> </a></td><td>Encephalitis, Japanese, live attenuated</td><td>Encephalitis, Japanese, live attenuated</td></tr><tr><td style=\"white-space:nowrap\">XM28X5<a name=\"ICD11-XM28X5\"> </a></td><td>Measles vaccines</td><td>Measles vaccines</td></tr><tr><td style=\"white-space:nowrap\">XM8L15<a name=\"ICD11-XM8L15\"> </a></td><td>Measles, live attenuated</td><td>Measles, live attenuated</td></tr><tr><td style=\"white-space:nowrap\">XM8TF3<a name=\"ICD11-XM8TF3\"> </a></td><td>Measles, combinations with mumps and rubella, live attenuated</td><td>Measles, combinations with mumps and rubella, live attenuated</td></tr><tr><td style=\"white-space:nowrap\">XM21H2<a name=\"ICD11-XM21H2\"> </a></td><td>Measles, combinations with rubella, live attenuated</td><td>Measles, combinations with rubella, live attenuated</td></tr><tr><td style=\"white-space:nowrap\">XM4AJ8<a name=\"ICD11-XM4AJ8\"> </a></td><td>Measles, combinations with mumps, rubella and varicella, live attenuated</td><td>Measles, combinations with mumps, rubella and varicella, live attenuated</td></tr><tr><td style=\"white-space:nowrap\">XM9439<a name=\"ICD11-XM9439\"> </a></td><td>Measles, combinations with mumps, live attenuated</td><td>Measles, combinations with mumps, live attenuated</td></tr><tr><td style=\"white-space:nowrap\">XM2WV4<a name=\"ICD11-XM2WV4\"> </a></td><td>Meningococcal vaccines</td><td>Meningococcal vaccines</td></tr><tr><td style=\"white-space:nowrap\">XM92B2<a name=\"ICD11-XM92B2\"> </a></td><td>Meningococcal monovalent purified polysaccharides antigen vaccines</td><td>Meningococcal monovalent purified polysaccharides antigen vaccines</td></tr><tr><td style=\"white-space:nowrap\">XM5LC2<a name=\"ICD11-XM5LC2\"> </a></td><td>Meningococcal polyvalent purified polysaccharides antigen vaccines</td><td>Meningococcal polyvalent purified polysaccharides antigen vaccines</td></tr><tr><td style=\"white-space:nowrap\">XM18Y8<a name=\"ICD11-XM18Y8\"> </a></td><td>Meningococcus C, purified polysaccharides antigen conjugated vaccines</td><td>Meningococcus C, purified polysaccharides antigen conjugated vaccines</td></tr><tr><td style=\"white-space:nowrap\">XM2280<a name=\"ICD11-XM2280\"> </a></td><td>Meningococcus A, purified polysaccharides antigen conjugated vaccines</td><td>Meningococcus A, purified polysaccharides antigen conjugated vaccines</td></tr><tr><td style=\"white-space:nowrap\">XM9GJ1<a name=\"ICD11-XM9GJ1\"> </a></td><td>Meningococcus B, outer membrane vesicle vaccines</td><td>Meningococcus B, outer membrane vesicle vaccines</td></tr><tr><td style=\"white-space:nowrap\">XM1X81<a name=\"ICD11-XM1X81\"> </a></td><td>Meningococcus B, multicomponent vaccines</td><td>Meningococcus B, multicomponent vaccines</td></tr><tr><td style=\"white-space:nowrap\">XM37L5<a name=\"ICD11-XM37L5\"> </a></td><td>Meningococcus A, purified polysaccharides antigen vaccines</td><td>Meningococcus A, purified polysaccharides antigen vaccines</td></tr><tr><td style=\"white-space:nowrap\">XM1131<a name=\"ICD11-XM1131\"> </a></td><td>Mumps vaccine</td><td>Mumps vaccine</td></tr><tr><td style=\"white-space:nowrap\">XM2340<a name=\"ICD11-XM2340\"> </a></td><td>Mumps, live attenuated</td><td>Mumps, live attenuated</td></tr><tr><td style=\"white-space:nowrap\">XM3B09<a name=\"ICD11-XM3B09\"> </a></td><td>Rubella, combinations with mumps, live attenuated</td><td>Rubella, combinations with mumps, live attenuated</td></tr><tr><td style=\"white-space:nowrap\">XM43M9<a name=\"ICD11-XM43M9\"> </a></td><td>Pertussis vaccines</td><td> Pertussis vaccines</td></tr><tr><td style=\"white-space:nowrap\">XM45L8<a name=\"ICD11-XM45L8\"> </a></td><td>Pertussis, inactivated, whole cell vaccines</td><td>Pertussis, inactivated, whole cell vaccines</td></tr><tr><td style=\"white-space:nowrap\">XM62J1<a name=\"ICD11-XM62J1\"> </a></td><td>Pertussis, purified antigen vaccines</td><td>Pertussis, purified antigen vaccines</td></tr><tr><td style=\"white-space:nowrap\">XM2TK2<a name=\"ICD11-XM2TK2\"> </a></td><td>Pertussis, inactivated, whole cell, combinations with toxoids vaccines</td><td>Pertussis, inactivated, whole cell, combinations with toxoids vaccines</td></tr><tr><td style=\"white-space:nowrap\">XM4082<a name=\"ICD11-XM4082\"> </a></td><td>Pertussis, purified antigen, combinations with toxoids vaccines</td><td>Pertussis, purified antigen, combinations with toxoids vaccines</td></tr><tr><td style=\"white-space:nowrap\">XM9EM7<a name=\"ICD11-XM9EM7\"> </a></td><td>Pneumococcal vaccines</td><td>Pneumococcal vaccines</td></tr><tr><td style=\"white-space:nowrap\">XM9G97<a name=\"ICD11-XM9G97\"> </a></td><td>Pneumococcal conjugate (13-valent) vaccines</td><td>Pneumococcal conjugate (13-valent) vaccines</td></tr><tr><td style=\"white-space:nowrap\">XM2249<a name=\"ICD11-XM2249\"> </a></td><td>Pneumococcal polysaccharide 23-valent vaccines</td><td>Pneumococcal polysaccharide 23-valent vaccines</td></tr><tr><td style=\"white-space:nowrap\">XM91D7<a name=\"ICD11-XM91D7\"> </a></td><td>Pneumococcus, purified polysaccharides antigen vaccines</td><td>Pneumococcus, purified polysaccharides antigen vaccines</td></tr><tr><td style=\"white-space:nowrap\">XM96S7<a name=\"ICD11-XM96S7\"> </a></td><td>Pneumococcus, purified polysaccharides antigen conjugated vaccines</td><td>Pneumococcus, purified polysaccharides antigen conjugated vaccines</td></tr><tr><td style=\"white-space:nowrap\">XM4R39<a name=\"ICD11-XM4R39\"> </a></td><td>Pneumococcus purified polysaccharides antigen and Haemophilus influenzae, conjugated vaccines</td><td>Pneumococcus purified polysaccharides antigen and Haemophilus influenzae, conjugated vaccines</td></tr><tr><td style=\"white-space:nowrap\">XM0N50<a name=\"ICD11-XM0N50\"> </a></td><td>Poliomyelitis vaccines</td><td>Poliomyelitis vaccines</td></tr><tr><td style=\"white-space:nowrap\">XM5V19<a name=\"ICD11-XM5V19\"> </a></td><td>Poliomyelitis, trivalent, inactivated, whole virus</td><td>Poliomyelitis, trivalent, inactivated, whole virus</td></tr><tr><td style=\"white-space:nowrap\">XM79H3<a name=\"ICD11-XM79H3\"> </a></td><td>Poliomyelitis oral, bivalent, live attenuated</td><td>Poliomyelitis oral, bivalent, live attenuated</td></tr><tr><td style=\"white-space:nowrap\">XM0VX8<a name=\"ICD11-XM0VX8\"> </a></td><td>Poliomyelitis oral, monovalent live attenuated</td><td>Poliomyelitis oral, monovalent live attenuated</td></tr><tr><td style=\"white-space:nowrap\">XM0KZ1<a name=\"ICD11-XM0KZ1\"> </a></td><td>Poliomyelitis oral, trivalent, live attenuated</td><td>Poliomyelitis oral, trivalent, live attenuated</td></tr><tr><td style=\"white-space:nowrap\">XM6T09<a name=\"ICD11-XM6T09\"> </a></td><td>Rabies vaccine</td><td>Rabies vaccine</td></tr><tr><td style=\"white-space:nowrap\">XM7BE8<a name=\"ICD11-XM7BE8\"> </a></td><td>Rabies, inactivated, whole virus</td><td>Rabies, inactivated, whole virus</td></tr><tr><td style=\"white-space:nowrap\">XM1CE0<a name=\"ICD11-XM1CE0\"> </a></td><td>Rotavirus diarrhoea vaccines</td><td>Rotavirus diarrhoea vaccines</td></tr><tr><td style=\"white-space:nowrap\">XM4GV0<a name=\"ICD11-XM4GV0\"> </a></td><td>Rota virus, live attenuated</td><td>Rota virus, live attenuated</td></tr><tr><td style=\"white-space:nowrap\">XM4VG1<a name=\"ICD11-XM4VG1\"> </a></td><td>Rota virus, pentavalent, live, reassorted</td><td>Rota virus, pentavalent, live, reassorted</td></tr><tr><td style=\"white-space:nowrap\">XM7PP1<a name=\"ICD11-XM7PP1\"> </a></td><td>Rubella vaccine</td><td>Rubella vaccine</td></tr><tr><td style=\"white-space:nowrap\">XM9PS9<a name=\"ICD11-XM9PS9\"> </a></td><td>Rubella, live attenuated</td><td>Rubella, live attenuated</td></tr><tr><td style=\"white-space:nowrap\">XM1LR5<a name=\"ICD11-XM1LR5\"> </a></td><td>Influenza vaccines</td><td>Influenza vaccines</td></tr><tr><td style=\"white-space:nowrap\">XM8857<a name=\"ICD11-XM8857\"> </a></td><td>Influenza vaccine, inactivated, whole virus</td><td>Influenza vaccine, inactivated, whole virus</td></tr><tr><td style=\"white-space:nowrap\">XM5V64<a name=\"ICD11-XM5V64\"> </a></td><td>Influenza vaccines, live attenuated</td><td>Influenza vaccines, live attenuated</td></tr><tr><td style=\"white-space:nowrap\">XM8MP2<a name=\"ICD11-XM8MP2\"> </a></td><td>Influenza vaccines, inactivated, split virus or surface antigen</td><td>Influenza vaccines, inactivated, split virus or surface antigen</td></tr><tr><td style=\"white-space:nowrap\">XM9E16<a name=\"ICD11-XM9E16\"> </a></td><td>Influenza vaccines, virus like particle</td><td>Influenza vaccines, virus like particle</td></tr><tr><td style=\"white-space:nowrap\">XM33X8<a name=\"ICD11-XM33X8\"> </a></td><td>Influenza, purified antigen</td><td>Influenza, purified antigen</td></tr><tr><td style=\"white-space:nowrap\">XM5L44<a name=\"ICD11-XM5L44\"> </a></td><td>Tetanus vaccines</td><td>Tetanus vaccines</td></tr><tr><td style=\"white-space:nowrap\">XM29H5<a name=\"ICD11-XM29H5\"> </a></td><td>Tetanus toxoid vaccines</td><td>Tetanus toxoid vaccines</td></tr><tr><td style=\"white-space:nowrap\">XM9AK2<a name=\"ICD11-XM9AK2\"> </a></td><td>Tetanus toxoid, combinations with tetanus immunoglobulin vaccines</td><td>Tetanus toxoid, combinations with tetanus immunoglobulin vaccines</td></tr><tr><td style=\"white-space:nowrap\">XM0RC1<a name=\"ICD11-XM0RC1\"> </a></td><td>Encephalitis vaccines</td><td>Encephalitis vaccines</td></tr><tr><td style=\"white-space:nowrap\">XM8MP6<a name=\"ICD11-XM8MP6\"> </a></td><td>Encephalitis, tick borne, inactivated, whole virus</td><td>Encephalitis, tick borne, inactivated, whole virus</td></tr><tr><td style=\"white-space:nowrap\">XM8BU8<a name=\"ICD11-XM8BU8\"> </a></td><td>Typhoid vaccines</td><td>Typhoid vaccines</td></tr><tr><td style=\"white-space:nowrap\">XM33K4<a name=\"ICD11-XM33K4\"> </a></td><td>Typhoid, oral, live attenuated vaccines</td><td>Typhoid, oral, live attenuated vaccines</td></tr><tr><td style=\"white-space:nowrap\">XM89G3<a name=\"ICD11-XM89G3\"> </a></td><td>Typhoid, inactivated, whole cell vaccines</td><td>Typhoid, inactivated, whole cell vaccines</td></tr><tr><td style=\"white-space:nowrap\">XM3SF6<a name=\"ICD11-XM3SF6\"> </a></td><td>Typhoid, purified polysaccharide antigen vaccines</td><td>Typhoid, purified polysaccharide antigen vaccines</td></tr><tr><td style=\"white-space:nowrap\">XM9UB1<a name=\"ICD11-XM9UB1\"> </a></td><td>Typhoid-paratyphoid vaccines</td><td>Typhoid-paratyphoid vaccines \u00a0 </td></tr><tr><td style=\"white-space:nowrap\">XM8DG3<a name=\"ICD11-XM8DG3\"> </a></td><td>Varicella zoster vaccines</td><td>Varicella zoster vaccines</td></tr><tr><td style=\"white-space:nowrap\">XM0NS8<a name=\"ICD11-XM0NS8\"> </a></td><td>Varicella, live attenuated </td><td>Varicella, live attenuated \u00a0 </td></tr><tr><td style=\"white-space:nowrap\">XM0N24<a name=\"ICD11-XM0N24\"> </a></td><td>Yellow fever vaccine</td><td>Yellow fever vaccine</td></tr><tr><td style=\"white-space:nowrap\">XM3418<a name=\"ICD11-XM3418\"> </a></td><td>Yellow fever, live attenuated</td><td>Yellow fever, live attenuated</td></tr><tr><td style=\"white-space:nowrap\">XM38G7<a name=\"ICD11-XM38G7\"> </a></td><td>Dengue vaccine</td><td>Dengue vaccine</td></tr><tr><td style=\"white-space:nowrap\">XM68M6<a name=\"ICD11-XM68M6\"> </a></td><td>COVID-19 vaccines</td><td>COVID-19 vaccines</td></tr><tr><td style=\"white-space:nowrap\">XM0GQ8<a name=\"ICD11-XM0GQ8\"> </a></td><td>COVID-19 vaccine, RNA based</td><td>COVID-19 vaccine, RNA based</td></tr><tr><td style=\"white-space:nowrap\">XM1NL1<a name=\"ICD11-XM1NL1\"> </a></td><td>COVID-19 vaccine, inactivated virus</td><td>COVID-19 vaccine, inactivated virus</td></tr><tr><td style=\"white-space:nowrap\">XM1J92<a name=\"ICD11-XM1J92\"> </a></td><td>COVID-19 vaccine, virus like particle</td><td>COVID-19 vaccine, virus like particle</td></tr><tr><td style=\"white-space:nowrap\">XM9QW8<a name=\"ICD11-XM9QW8\"> </a></td><td>COVID-19 vaccine, non-replicating viral vector</td><td>COVID-19 vaccine, non-replicating viral vector</td></tr><tr><td style=\"white-space:nowrap\">XM6AT1<a name=\"ICD11-XM6AT1\"> </a></td><td>COVID-19 vaccine, DNA based</td><td>COVID-19 vaccine, DNA based</td></tr><tr><td style=\"white-space:nowrap\">XM5JC5<a name=\"ICD11-XM5JC5\"> </a></td><td>COVID-19 vaccine, virus protein subunit</td><td>COVID-19 vaccine, virus protein subunit</td></tr><tr><td style=\"white-space:nowrap\">XM3CT4<a name=\"ICD11-XM3CT4\"> </a></td><td>Recombinant SARS-CoV-2 vaccine</td><td>Recombinant SARS-CoV-2 vaccine</td></tr><tr><td style=\"white-space:nowrap\">XM0CX4<a name=\"ICD11-XM0CX4\"> </a></td><td>COVID-19 vaccine, replicating viral vector</td><td>COVID-19 vaccine, replicating viral vector</td></tr><tr><td style=\"white-space:nowrap\">XM5DF6<a name=\"ICD11-XM5DF6\"> </a></td><td>COVID-19 vaccine, live attenuated virus</td><td>COVID-19 vaccine, live attenuated virus </td></tr></table></div>"},"url":"http://id.who.int/icd/release/11/mms","version":"0.1.0","name":"ICD11","title":"ICD-11","status":"draft","experimental":true,"date":"2024-12-09T18:24:48+00:00","publisher":"WHO","contact":[{"name":"WHO","telecom":[{"system":"url","value":"http://who.int"}]}],"description":"ICD-11.","caseSensitive":true,"hierarchyMeaning":"is-a","content":"complete","count":135,"property":[{"code":"parent","uri":"http://hl7.org/fhir/concept-properties#parent","type":"code"}],"concept":[{"code":"1A07","display":"Typhoid","definition":"Typhoid"},{"code":"1E32","display":"Influenza","definition":"Influenza"},{"code":"1F03","display":"Measles","definition":"Measles"},{"code":"1C12","display":"Pertussis","definition":"Pertussis"},{"code":"1D80","display":"Mumps","definition":"Mumps"},{"code":"1E90","display":"Varicella","definition":"Varicella"},{"code":"1E50.0","display":"Viral hepatitis A","definition":"Viral hepatitis A"},{"code":"1B1Z","display":"Tuberculosis","definition":"Tuberculosis"},{"code":"1E50.1","display":"Viral hepatitis B","definition":"Viral hepatitis B"},{"code":"XN0FG","display":"Haemophilus influenzae type b","definition":"Haemophilus influenzae type b"},{"code":"1C13","display":"Tetanus","definition":"Tetanus"},{"code":"XN6N7","display":"Rotavirus","definition":"Rotavirus"},{"code":"XN8JY","display":"Human papillomavirus","definition":"Human papillomavirus"},{"code":"1C85","display":"Japanese encephalitis","definition":"Japanese encephalitis"},{"code":"1C81","display":"Poliomyelitis","definition":"Poliomyelitis"},{"code":"1C17","display":"Diphtheria","definition":"Diphtheria"},{"code":"CA40.07","display":"Pneumococcal disease","definition":"Pneumococcal disease"},{"code":"1F02","display":"Rubella","definition":"Rubella"},{"code":"1D2Z","display":"Dengue","definition":"Dengue"},{"code":"1C82","display":"Rabies","definition":"Rabies"},{"code":"1C1C","display":"Meningococcal","definition":"Meningococcal"},{"code":"1A00","display":"Cholera","definition":"Cholera"},{"code":"1C80","display":"Tick-borne encephalitis","definition":"Tick-borne encephalitis"},{"code":"1D47","display":"Yellow fever","definition":"Yellow fever"},{"code":"RA01","display":"COVID-19","definition":"COVID-19"},{"code":"XM4639","display":"Tuberculosis vaccines","definition":"Tuberculosis vaccines"},{"code":"XM8142","display":"Tuberculosis, live attenuated vaccines","definition":"Tuberculosis, live attenuated vaccines"},{"code":"XM29K4","display":"Cholera vaccines","definition":"Cholera vaccines"},{"code":"XM3Z26","display":"Cholera, inactivated, whole cell vaccines","definition":"Cholera, inactivated, whole cell vaccines"},{"code":"XM72A0","display":"Cholera, live attenuated vaccines","definition":"Cholera, live attenuated vaccines"},{"code":"XM1FT6","display":"Cholera, combinations with typhoid vaccine, inactivated, whole cell vaccines","definition":"Cholera, combinations with typhoid vaccine, inactivated, whole cell vaccines"},{"code":"XM8AW3","display":"Diphtheria vaccines","definition":"Diphtheria vaccines"},{"code":"XM9744","display":"Diphtheria, rubella, tetanus vaccines","definition":"Diphtheria, rubella, tetanus vaccines"},{"code":"XM31Q8","display":"Tetanus, diphtheria, acellular pertussis","definition":"Tetanus, diphtheria, acellular pertussis"},{"code":"XM8AW1","display":"Diphtheria, poliomyelitis, tetanus vaccines","definition":"Diphtheria, poliomyelitis, tetanus vaccines"},{"code":"XM09Q7","display":"Diphtheria, pertussis, poliomyelitis, tetanus vaccines","definition":"Diphtheria, pertussis, poliomyelitis, tetanus vaccines"},{"code":"XM41N3","display":"Diphtheria, hepatitis B, pertussis, tetanus vaccines","definition":"Diphtheria, hepatitis B, pertussis, tetanus vaccines"},{"code":"XM1LX9","display":"Diphtheria, hemophilus influenzae B, pertussis, poliomyelitis, tetanus vaccines","definition":"Diphtheria, hemophilus influenzae B, pertussis, poliomyelitis, tetanus vaccines"},{"code":"XM3G68","display":"Diphtheria, hepatitis B, tetanus vaccines","definition":"Diphtheria, hepatitis B, tetanus vaccines"},{"code":"XM0LT9","display":"Diphtheria, pertussis, poliomyelitis, tetanus, hepatitis B vaccines","definition":"Diphtheria, pertussis, poliomyelitis, tetanus, hepatitis B vaccines"},{"code":"XM7JP3","display":"Diphtheria, hemophilus influenzae B, pertussis, tetanus, hepatitis B vaccines","definition":"Diphtheria, hemophilus influenzae B, pertussis, tetanus, hepatitis B vaccines"},{"code":"XM5XP9","display":"Diphtheria, hemophilus influenzae B, pertussis, tetanus-hepatitis B, meningococcus A + C vaccines","definition":"Diphtheria, hemophilus influenzae B, pertussis, tetanus-hepatitis B, meningococcus A + C vaccines"},{"code":"XM1G86","display":"Tetanus toxoid, combinations with diphtheria toxoid vaccines","definition":"Tetanus toxoid, combinations with diphtheria toxoid vaccines"},{"code":"XM32Q5","display":"Tetanus and diphtheria vaccines","definition":"Tetanus and diphtheria vaccines"},{"code":"XM2CV8","display":"Vaccines pertussis with diphtheria","definition":"Vaccines pertussis with diphtheria"},{"code":"XM21E6","display":"Diphtheria tetanus, acellular pertussis, inactivated polio virus, haemophilus Influenzae type B vaccines","definition":"Diphtheria tetanus, acellular pertussis, inactivated polio virus, haemophilus Influenzae type B vaccines"},{"code":"XM84S1","display":"Diphtheria, hepatitis B, tetanus, acellular pertussis, inactivated polio virus, haemophilus Influenzae type B vaccines","definition":"Diphtheria, hepatitis B, tetanus, acellular pertussis, inactivated polio virus, haemophilus Influenzae type B vaccines"},{"code":"XM9JP8","display":"Diphtheria, tetanus, acellular pertussis, inactivated polio virus vaccines","definition":"Diphtheria, tetanus, acellular pertussis, inactivated polio virus vaccines"},{"code":"XM46V1","display":"Diphtheria vaccines combination including pertussis","definition":"Diphtheria vaccines combination including pertussis"},{"code":"XM4039","display":"Vaccines diphtheria with tetanus","definition":"Vaccines diphtheria with tetanus"},{"code":"XM11V3","display":"Haemophilus influenzae B vaccines","definition":"Haemophilus influenzae B vaccines"},{"code":"XM01H1","display":"Hemophilus influenzae B and poliomyelitis vaccines","definition":"Hemophilus influenzae B and poliomyelitis vaccines"},{"code":"XM32L7","display":"Hemophilus influenzae B and hepatitis B vaccines","definition":"Hemophilus influenzae B and hepatitis B vaccines"},{"code":"XM6LL6","display":"Hepatitis vaccines","definition":"Hepatitis vaccines"},{"code":"XM2A12","display":"Hepatitis A, inactivated, whole virus","definition":"Hepatitis A, inactivated, whole virus"},{"code":"XM3JA6","display":"Typhoid, hepatitis A vaccines","definition":"Typhoid, hepatitis A vaccines"},{"code":"XM03Y7","display":"Combinations hepatitis vaccines","definition":"Combinations hepatitis vaccines"},{"code":"XM9V38","display":"Hepatitis B, purified antigen","definition":"Hepatitis B, purified antigen"},{"code":"XM9QP0","display":"Papillomavirus vaccine","definition":"Papillomavirus vaccine"},{"code":"XM1821","display":"Papillomavirus (human types 6,11,16,18)","definition":"Papillomavirus (human types 6,11,16,18)"},{"code":"XM9BT4","display":"Papillomavirus (human types 16,18)","definition":"Papillomavirus (human types 16,18)"},{"code":"XM5CE9","display":"Papillomavirus (human types 6,11,16,18,31,33,45,52,58)","definition":"Papillomavirus (human types 6,11,16,18,31,33,45,52,58)"},{"code":"XM0LB5","display":"Encephalitis, Japanese, inactivated, whole virus","definition":"Encephalitis, Japanese, inactivated, whole virus"},{"code":"XM47S0","display":"Encephalitis, Japanese, live attenuated","definition":"Encephalitis, Japanese, live attenuated"},{"code":"XM28X5","display":"Measles vaccines","definition":"Measles vaccines"},{"code":"XM8L15","display":"Measles, live attenuated","definition":"Measles, live attenuated"},{"code":"XM8TF3","display":"Measles, combinations with mumps and rubella, live attenuated","definition":"Measles, combinations with mumps and rubella, live attenuated"},{"code":"XM21H2","display":"Measles, combinations with rubella, live attenuated","definition":"Measles, combinations with rubella, live attenuated"},{"code":"XM4AJ8","display":"Measles, combinations with mumps, rubella and varicella, live attenuated","definition":"Measles, combinations with mumps, rubella and varicella, live attenuated"},{"code":"XM9439","display":"Measles, combinations with mumps, live attenuated","definition":"Measles, combinations with mumps, live attenuated"},{"code":"XM2WV4","display":"Meningococcal vaccines","definition":"Meningococcal vaccines"},{"code":"XM92B2","display":"Meningococcal monovalent purified polysaccharides antigen vaccines","definition":"Meningococcal monovalent purified polysaccharides antigen vaccines"},{"code":"XM5LC2","display":"Meningococcal polyvalent purified polysaccharides antigen vaccines","definition":"Meningococcal polyvalent purified polysaccharides antigen vaccines"},{"code":"XM18Y8","display":"Meningococcus C, purified polysaccharides antigen conjugated vaccines","definition":"Meningococcus C, purified polysaccharides antigen conjugated vaccines"},{"code":"XM2280","display":"Meningococcus A, purified polysaccharides antigen conjugated vaccines","definition":"Meningococcus A, purified polysaccharides antigen conjugated vaccines"},{"code":"XM9GJ1","display":"Meningococcus B, outer membrane vesicle vaccines","definition":"Meningococcus B, outer membrane vesicle vaccines"},{"code":"XM1X81","display":"Meningococcus B, multicomponent vaccines","definition":"Meningococcus B, multicomponent vaccines"},{"code":"XM37L5","display":"Meningococcus A, purified polysaccharides antigen vaccines","definition":"Meningococcus A, purified polysaccharides antigen vaccines"},{"code":"XM1131","display":"Mumps vaccine","definition":"Mumps vaccine"},{"code":"XM2340","display":"Mumps, live attenuated","definition":"Mumps, live attenuated"},{"code":"XM3B09","display":"Rubella, combinations with mumps, live attenuated","definition":"Rubella, combinations with mumps, live attenuated"},{"code":"XM43M9","display":"Pertussis vaccines","definition":" Pertussis vaccines"},{"code":"XM45L8","display":"Pertussis, inactivated, whole cell vaccines","definition":"Pertussis, inactivated, whole cell vaccines"},{"code":"XM62J1","display":"Pertussis, purified antigen vaccines","definition":"Pertussis, purified antigen vaccines"},{"code":"XM2TK2","display":"Pertussis, inactivated, whole cell, combinations with toxoids vaccines","definition":"Pertussis, inactivated, whole cell, combinations with toxoids vaccines"},{"code":"XM4082","display":"Pertussis, purified antigen, combinations with toxoids vaccines","definition":"Pertussis, purified antigen, combinations with toxoids vaccines"},{"code":"XM9EM7","display":"Pneumococcal vaccines","definition":"Pneumococcal vaccines"},{"code":"XM9G97","display":"Pneumococcal conjugate (13-valent) vaccines","definition":"Pneumococcal conjugate (13-valent) vaccines"},{"code":"XM2249","display":"Pneumococcal polysaccharide 23-valent vaccines","definition":"Pneumococcal polysaccharide 23-valent vaccines"},{"code":"XM91D7","display":"Pneumococcus, purified polysaccharides antigen vaccines","definition":"Pneumococcus, purified polysaccharides antigen vaccines"},{"code":"XM96S7","display":"Pneumococcus, purified polysaccharides antigen conjugated vaccines","definition":"Pneumococcus, purified polysaccharides antigen conjugated vaccines"},{"code":"XM4R39","display":"Pneumococcus purified polysaccharides antigen and Haemophilus influenzae, conjugated vaccines","definition":"Pneumococcus purified polysaccharides antigen and Haemophilus influenzae, conjugated vaccines"},{"code":"XM0N50","display":"Poliomyelitis vaccines","definition":"Poliomyelitis vaccines"},{"code":"XM5V19","display":"Poliomyelitis, trivalent, inactivated, whole virus","definition":"Poliomyelitis, trivalent, inactivated, whole virus"},{"code":"XM79H3","display":"Poliomyelitis oral, bivalent, live attenuated","definition":"Poliomyelitis oral, bivalent, live attenuated"},{"code":"XM0VX8","display":"Poliomyelitis oral, monovalent live attenuated","definition":"Poliomyelitis oral, monovalent live attenuated"},{"code":"XM0KZ1","display":"Poliomyelitis oral, trivalent, live attenuated","definition":"Poliomyelitis oral, trivalent, live attenuated"},{"code":"XM6T09","display":"Rabies vaccine","definition":"Rabies vaccine"},{"code":"XM7BE8","display":"Rabies, inactivated, whole virus","definition":"Rabies, inactivated, whole virus"},{"code":"XM1CE0","display":"Rotavirus diarrhoea vaccines","definition":"Rotavirus diarrhoea vaccines"},{"code":"XM4GV0","display":"Rota virus, live attenuated","definition":"Rota virus, live attenuated"},{"code":"XM4VG1","display":"Rota virus, pentavalent, live, reassorted","definition":"Rota virus, pentavalent, live, reassorted"},{"code":"XM7PP1","display":"Rubella vaccine","definition":"Rubella vaccine"},{"code":"XM9PS9","display":"Rubella, live attenuated","definition":"Rubella, live attenuated"},{"code":"XM1LR5","display":"Influenza vaccines","definition":"Influenza vaccines"},{"code":"XM8857","display":"Influenza vaccine, inactivated, whole virus","definition":"Influenza vaccine, inactivated, whole virus"},{"code":"XM5V64","display":"Influenza vaccines, live attenuated","definition":"Influenza vaccines, live attenuated"},{"code":"XM8MP2","display":"Influenza vaccines, inactivated, split virus or surface antigen","definition":"Influenza vaccines, inactivated, split virus or surface antigen"},{"code":"XM9E16","display":"Influenza vaccines, virus like particle","definition":"Influenza vaccines, virus like particle"},{"code":"XM33X8","display":"Influenza, purified antigen","definition":"Influenza, purified antigen"},{"code":"XM5L44","display":"Tetanus vaccines","definition":"Tetanus vaccines"},{"code":"XM29H5","display":"Tetanus toxoid vaccines","definition":"Tetanus toxoid vaccines"},{"code":"XM9AK2","display":"Tetanus toxoid, combinations with tetanus immunoglobulin vaccines","definition":"Tetanus toxoid, combinations with tetanus immunoglobulin vaccines"},{"code":"XM0RC1","display":"Encephalitis vaccines","definition":"Encephalitis vaccines"},{"code":"XM8MP6","display":"Encephalitis, tick borne, inactivated, whole virus","definition":"Encephalitis, tick borne, inactivated, whole virus"},{"code":"XM8BU8","display":"Typhoid vaccines","definition":"Typhoid vaccines"},{"code":"XM33K4","display":"Typhoid, oral, live attenuated vaccines","definition":"Typhoid, oral, live attenuated vaccines"},{"code":"XM89G3","display":"Typhoid, inactivated, whole cell vaccines","definition":"Typhoid, inactivated, whole cell vaccines"},{"code":"XM3SF6","display":"Typhoid, purified polysaccharide antigen vaccines","definition":"Typhoid, purified polysaccharide antigen vaccines"},{"code":"XM9UB1","display":"Typhoid-paratyphoid vaccines","definition":"Typhoid-paratyphoid vaccines \u00a0 "},{"code":"XM8DG3","display":"Varicella zoster vaccines","definition":"Varicella zoster vaccines"},{"code":"XM0NS8","display":"Varicella, live attenuated ","definition":"Varicella, live attenuated \u00a0 "},{"code":"XM0N24","display":"Yellow fever vaccine","definition":"Yellow fever vaccine"},{"code":"XM3418","display":"Yellow fever, live attenuated","definition":"Yellow fever, live attenuated"},{"code":"XM38G7","display":"Dengue vaccine","definition":"Dengue vaccine"},{"code":"XM68M6","display":"COVID-19 vaccines","definition":"COVID-19 vaccines"},{"code":"XM0GQ8","display":"COVID-19 vaccine, RNA based","definition":"COVID-19 vaccine, RNA based"},{"code":"XM1NL1","display":"COVID-19 vaccine, inactivated virus","definition":"COVID-19 vaccine, inactivated virus"},{"code":"XM1J92","display":"COVID-19 vaccine, virus like particle","definition":"COVID-19 vaccine, virus like particle"},{"code":"XM9QW8","display":"COVID-19 vaccine, non-replicating viral vector","definition":"COVID-19 vaccine, non-replicating viral vector"},{"code":"XM6AT1","display":"COVID-19 vaccine, DNA based","definition":"COVID-19 vaccine, DNA based"},{"code":"XM5JC5","display":"COVID-19 vaccine, virus protein subunit","definition":"COVID-19 vaccine, virus protein subunit"},{"code":"XM3CT4","display":"Recombinant SARS-CoV-2 vaccine","definition":"Recombinant SARS-CoV-2 vaccine"},{"code":"XM0CX4","display":"COVID-19 vaccine, replicating viral vector","definition":"COVID-19 vaccine, replicating viral vector"},{"code":"XM5DF6","display":"COVID-19 vaccine, live attenuated virus","definition":"COVID-19 vaccine, live attenuated virus "}]}